Target,MtL,FS method,Importance fraction score,Selection number
diff__rtdl_ResNet__XGBoost,LogisticRegression(C=0.05),correlation,0.3755748911153294,25
diff__rtdl_ResNet__XGBoost,"MLPClassifier(activation='logistic', alpha=0.05, hidden_layer_sizes=25,
              learning_rate='adaptive', learning_rate_init=0.05, max_iter=100,
              solver='lbfgs')",correlation,0.40140193917786204,25
diff__rtdl_ResNet__XGBoost,"XGBClassifier(base_score=None, booster=None, callbacks=None,
              colsample_bylevel=None, colsample_bynode=None,
              colsample_bytree=None, device=None, early_stopping_rounds=None,
              enable_categorical=False, eval_metric='merror',
              feature_types=None, gamma=None, grow_policy=None,
              importance_type=None, interaction_constraints=None,
              learning_rate=0.1, max_bin=None, max_cat_threshold=None,
              max_cat_to_onehot=None, max_delta_step=None, max_depth=7,
              max_leaves=None, min_child_weight=None, missing=nan,
              monotone_constraints=None, multi_strategy=None, n_estimators=50,
              n_jobs=None, num_parallel_tree=None, random_state=None, ...)",correlation,0.4781096577644348,25
diff__rtdl_ResNet__XGBoost,"KNeighborsClassifier(leaf_size=40, n_neighbors=6, p=1)",correlation,0.47907244222776696,25
diff__rtdl_ResNet__XGBoost,LogisticRegression(C=0.05),counterfactual,0.4446842663633686,16
diff__rtdl_ResNet__XGBoost,"MLPClassifier(activation='logistic', alpha=0.05, hidden_layer_sizes=25,
              learning_rate='adaptive', learning_rate_init=0.05, max_iter=100,
              solver='lbfgs')",counterfactual,0.6149670175207906,16
diff__rtdl_ResNet__XGBoost,"XGBClassifier(base_score=None, booster=None, callbacks=None,
              colsample_bylevel=None, colsample_bynode=None,
              colsample_bytree=None, device=None, early_stopping_rounds=None,
              enable_categorical=False, eval_metric='merror',
              feature_types=None, gamma=None, grow_policy=None,
              importance_type=None, interaction_constraints=None,
              learning_rate=0.1, max_bin=None, max_cat_threshold=None,
              max_cat_to_onehot=None, max_delta_step=None, max_depth=7,
              max_leaves=None, min_child_weight=None, missing=nan,
              monotone_constraints=None, multi_strategy=None, n_estimators=50,
              n_jobs=None, num_parallel_tree=None, random_state=None, ...)",counterfactual,0.49475961923599243,16
diff__rtdl_ResNet__XGBoost,"KNeighborsClassifier(leaf_size=40, n_neighbors=6, p=1)",counterfactual,0.5709031168821544,16
diff__rtdl_ResNet__XGBoost,LogisticRegression(C=0.05),f_value,0.3473702626735732,27
diff__rtdl_ResNet__XGBoost,"MLPClassifier(activation='logistic', alpha=0.05, hidden_layer_sizes=25,
              learning_rate='adaptive', learning_rate_init=0.05, max_iter=100,
              solver='lbfgs')",f_value,0.40578890822581765,27
diff__rtdl_ResNet__XGBoost,"XGBClassifier(base_score=None, booster=None, callbacks=None,
              colsample_bylevel=None, colsample_bynode=None,
              colsample_bytree=None, device=None, early_stopping_rounds=None,
              enable_categorical=False, eval_metric='merror',
              feature_types=None, gamma=None, grow_policy=None,
              importance_type=None, interaction_constraints=None,
              learning_rate=0.1, max_bin=None, max_cat_threshold=None,
              max_cat_to_onehot=None, max_delta_step=None, max_depth=7,
              max_leaves=None, min_child_weight=None, missing=nan,
              monotone_constraints=None, multi_strategy=None, n_estimators=50,
              n_jobs=None, num_parallel_tree=None, random_state=None, ...)",f_value,0.5268346071243286,27
diff__rtdl_ResNet__XGBoost,"KNeighborsClassifier(leaf_size=40, n_neighbors=6, p=1)",f_value,0.4276788187142943,27
diff__rtdl_ResNet__XGBoost,LogisticRegression(C=0.05),mutual_info,0.69340752588389,13
diff__rtdl_ResNet__XGBoost,"MLPClassifier(activation='logistic', alpha=0.05, hidden_layer_sizes=25,
              learning_rate='adaptive', learning_rate_init=0.05, max_iter=100,
              solver='lbfgs')",mutual_info,0.6016257516544332,13
diff__rtdl_ResNet__XGBoost,"XGBClassifier(base_score=None, booster=None, callbacks=None,
              colsample_bylevel=None, colsample_bynode=None,
              colsample_bytree=None, device=None, early_stopping_rounds=None,
              enable_categorical=False, eval_metric='merror',
              feature_types=None, gamma=None, grow_policy=None,
              importance_type=None, interaction_constraints=None,
              learning_rate=0.1, max_bin=None, max_cat_threshold=None,
              max_cat_to_onehot=None, max_delta_step=None, max_depth=7,
              max_leaves=None, min_child_weight=None, missing=nan,
              monotone_constraints=None, multi_strategy=None, n_estimators=50,
              n_jobs=None, num_parallel_tree=None, random_state=None, ...)",mutual_info,0.5970439910888672,13
diff__rtdl_ResNet__XGBoost,"KNeighborsClassifier(leaf_size=40, n_neighbors=6, p=1)",mutual_info,0.49043552776123817,13
diff__rtdl_ResNet__XGBoost,LogisticRegression(C=0.05),xgb,0.7759431816270923,9
diff__rtdl_ResNet__XGBoost,"MLPClassifier(activation='logistic', alpha=0.05, hidden_layer_sizes=25,
              learning_rate='adaptive', learning_rate_init=0.05, max_iter=100,
              solver='lbfgs')",xgb,0.6637704116164369,9
diff__rtdl_ResNet__XGBoost,"XGBClassifier(base_score=None, booster=None, callbacks=None,
              colsample_bylevel=None, colsample_bynode=None,
              colsample_bytree=None, device=None, early_stopping_rounds=None,
              enable_categorical=False, eval_metric='merror',
              feature_types=None, gamma=None, grow_policy=None,
              importance_type=None, interaction_constraints=None,
              learning_rate=0.1, max_bin=None, max_cat_threshold=None,
              max_cat_to_onehot=None, max_delta_step=None, max_depth=7,
              max_leaves=None, min_child_weight=None, missing=nan,
              monotone_constraints=None, multi_strategy=None, n_estimators=50,
              n_jobs=None, num_parallel_tree=None, random_state=None, ...)",xgb,0.7888520956039429,9
diff__rtdl_ResNet__XGBoost,"KNeighborsClassifier(leaf_size=40, n_neighbors=6, p=1)",xgb,0.7633207456697886,9
diff__rtdl_ResNet__XGBoost,LogisticRegression(C=0.05),lasso,0.544216556329676,11
diff__rtdl_ResNet__XGBoost,"MLPClassifier(activation='logistic', alpha=0.05, hidden_layer_sizes=25,
              learning_rate='adaptive', learning_rate_init=0.05, max_iter=100,
              solver='lbfgs')",lasso,0.655140328777324,11
diff__rtdl_ResNet__XGBoost,"XGBClassifier(base_score=None, booster=None, callbacks=None,
              colsample_bylevel=None, colsample_bynode=None,
              colsample_bytree=None, device=None, early_stopping_rounds=None,
              enable_categorical=False, eval_metric='merror',
              feature_types=None, gamma=None, grow_policy=None,
              importance_type=None, interaction_constraints=None,
              learning_rate=0.1, max_bin=None, max_cat_threshold=None,
              max_cat_to_onehot=None, max_delta_step=None, max_depth=7,
              max_leaves=None, min_child_weight=None, missing=nan,
              monotone_constraints=None, multi_strategy=None, n_estimators=50,
              n_jobs=None, num_parallel_tree=None, random_state=None, ...)",lasso,0.6769731044769287,11
diff__rtdl_ResNet__XGBoost,"KNeighborsClassifier(leaf_size=40, n_neighbors=6, p=1)",lasso,0.6195620532053457,11
diff__rtdl_ResNet__XGBoost,LogisticRegression(C=0.05),treatment_effect,0.3729273838988033,25
diff__rtdl_ResNet__XGBoost,"MLPClassifier(activation='logistic', alpha=0.05, hidden_layer_sizes=25,
              learning_rate='adaptive', learning_rate_init=0.05, max_iter=100,
              solver='lbfgs')",treatment_effect,0.4090089226566703,25
diff__rtdl_ResNet__XGBoost,"XGBClassifier(base_score=None, booster=None, callbacks=None,
              colsample_bylevel=None, colsample_bynode=None,
              colsample_bytree=None, device=None, early_stopping_rounds=None,
              enable_categorical=False, eval_metric='merror',
              feature_types=None, gamma=None, grow_policy=None,
              importance_type=None, interaction_constraints=None,
              learning_rate=0.1, max_bin=None, max_cat_threshold=None,
              max_cat_to_onehot=None, max_delta_step=None, max_depth=7,
              max_leaves=None, min_child_weight=None, missing=nan,
              monotone_constraints=None, multi_strategy=None, n_estimators=50,
              n_jobs=None, num_parallel_tree=None, random_state=None, ...)",treatment_effect,0.5082521438598633,25
diff__rtdl_ResNet__XGBoost,"KNeighborsClassifier(leaf_size=40, n_neighbors=6, p=1)",treatment_effect,0.3747676116647273,25
diff__rtdl_ResNet__XGBoost,LogisticRegression(C=0.05),base,0.1204469694469429,123
diff__rtdl_ResNet__XGBoost,"MLPClassifier(activation='logistic', alpha=0.05, hidden_layer_sizes=25,
              learning_rate='adaptive', learning_rate_init=0.05, max_iter=100,
              solver='lbfgs')",base,0.15587137708916948,123
diff__rtdl_ResNet__XGBoost,"XGBClassifier(base_score=None, booster=None, callbacks=None,
              colsample_bylevel=None, colsample_bynode=None,
              colsample_bytree=None, device=None, early_stopping_rounds=None,
              enable_categorical=False, eval_metric='merror',
              feature_types=None, gamma=None, grow_policy=None,
              importance_type=None, interaction_constraints=None,
              learning_rate=0.1, max_bin=None, max_cat_threshold=None,
              max_cat_to_onehot=None, max_delta_step=None, max_depth=7,
              max_leaves=None, min_child_weight=None, missing=nan,
              monotone_constraints=None, multi_strategy=None, n_estimators=50,
              n_jobs=None, num_parallel_tree=None, random_state=None, ...)",base,0.33103129267692566,123
diff__rtdl_ResNet__XGBoost,"KNeighborsClassifier(leaf_size=40, n_neighbors=6, p=1)",base,0.15334136005088891,123
diff__rtdl_ResNet__XGBoost,LogisticRegression(C=0.05),correlation,0.2821123511052332,37
diff__rtdl_ResNet__XGBoost,"MLPClassifier(activation='logistic', alpha=0.05, hidden_layer_sizes=25,
              learning_rate='adaptive', learning_rate_init=0.05, max_iter=100,
              solver='lbfgs')",correlation,0.3046345014315969,37
diff__rtdl_ResNet__XGBoost,"XGBClassifier(base_score=None, booster=None, callbacks=None,
              colsample_bylevel=None, colsample_bynode=None,
              colsample_bytree=None, device=None, early_stopping_rounds=None,
              enable_categorical=False, eval_metric='merror',
              feature_types=None, gamma=None, grow_policy=None,
              importance_type=None, interaction_constraints=None,
              learning_rate=0.1, max_bin=None, max_cat_threshold=None,
              max_cat_to_onehot=None, max_delta_step=None, max_depth=7,
              max_leaves=None, min_child_weight=None, missing=nan,
              monotone_constraints=None, multi_strategy=None, n_estimators=50,
              n_jobs=None, num_parallel_tree=None, random_state=None, ...)",correlation,0.45501938462257385,37
diff__rtdl_ResNet__XGBoost,"KNeighborsClassifier(leaf_size=40, n_neighbors=6, p=1)",correlation,0.2814831339572848,37
diff__rtdl_ResNet__XGBoost,LogisticRegression(C=0.05),counterfactual,0.4040149090849141,21
diff__rtdl_ResNet__XGBoost,"MLPClassifier(activation='logistic', alpha=0.05, hidden_layer_sizes=25,
              learning_rate='adaptive', learning_rate_init=0.05, max_iter=100,
              solver='lbfgs')",counterfactual,0.4207228010483025,21
diff__rtdl_ResNet__XGBoost,"XGBClassifier(base_score=None, booster=None, callbacks=None,
              colsample_bylevel=None, colsample_bynode=None,
              colsample_bytree=None, device=None, early_stopping_rounds=None,
              enable_categorical=False, eval_metric='merror',
              feature_types=None, gamma=None, grow_policy=None,
              importance_type=None, interaction_constraints=None,
              learning_rate=0.1, max_bin=None, max_cat_threshold=None,
              max_cat_to_onehot=None, max_delta_step=None, max_depth=7,
              max_leaves=None, min_child_weight=None, missing=nan,
              monotone_constraints=None, multi_strategy=None, n_estimators=50,
              n_jobs=None, num_parallel_tree=None, random_state=None, ...)",counterfactual,0.5335687398910522,21
diff__rtdl_ResNet__XGBoost,"KNeighborsClassifier(leaf_size=40, n_neighbors=6, p=1)",counterfactual,0.4166582800400972,21
diff__rtdl_ResNet__XGBoost,LogisticRegression(C=0.05),f_value,0.2881866781701648,37
diff__rtdl_ResNet__XGBoost,"MLPClassifier(activation='logistic', alpha=0.05, hidden_layer_sizes=25,
              learning_rate='adaptive', learning_rate_init=0.05, max_iter=100,
              solver='lbfgs')",f_value,0.2944356149381228,37
diff__rtdl_ResNet__XGBoost,"XGBClassifier(base_score=None, booster=None, callbacks=None,
              colsample_bylevel=None, colsample_bynode=None,
              colsample_bytree=None, device=None, early_stopping_rounds=None,
              enable_categorical=False, eval_metric='merror',
              feature_types=None, gamma=None, grow_policy=None,
              importance_type=None, interaction_constraints=None,
              learning_rate=0.1, max_bin=None, max_cat_threshold=None,
              max_cat_to_onehot=None, max_delta_step=None, max_depth=7,
              max_leaves=None, min_child_weight=None, missing=nan,
              monotone_constraints=None, multi_strategy=None, n_estimators=50,
              n_jobs=None, num_parallel_tree=None, random_state=None, ...)",f_value,0.451604962348938,37
diff__rtdl_ResNet__XGBoost,"KNeighborsClassifier(leaf_size=40, n_neighbors=6, p=1)",f_value,0.27937641546219383,37
diff__rtdl_ResNet__XGBoost,LogisticRegression(C=0.05),mutual_info,0.7207445662025208,13
diff__rtdl_ResNet__XGBoost,"MLPClassifier(activation='logistic', alpha=0.05, hidden_layer_sizes=25,
              learning_rate='adaptive', learning_rate_init=0.05, max_iter=100,
              solver='lbfgs')",mutual_info,0.5603822157792973,13
diff__rtdl_ResNet__XGBoost,"XGBClassifier(base_score=None, booster=None, callbacks=None,
              colsample_bylevel=None, colsample_bynode=None,
              colsample_bytree=None, device=None, early_stopping_rounds=None,
              enable_categorical=False, eval_metric='merror',
              feature_types=None, gamma=None, grow_policy=None,
              importance_type=None, interaction_constraints=None,
              learning_rate=0.1, max_bin=None, max_cat_threshold=None,
              max_cat_to_onehot=None, max_delta_step=None, max_depth=7,
              max_leaves=None, min_child_weight=None, missing=nan,
              monotone_constraints=None, multi_strategy=None, n_estimators=50,
              n_jobs=None, num_parallel_tree=None, random_state=None, ...)",mutual_info,0.6597891449928284,13
diff__rtdl_ResNet__XGBoost,"KNeighborsClassifier(leaf_size=40, n_neighbors=6, p=1)",mutual_info,0.5675404154505032,13
diff__rtdl_ResNet__XGBoost,LogisticRegression(C=0.05),xgb,0.6643525331906364,10
diff__rtdl_ResNet__XGBoost,"MLPClassifier(activation='logistic', alpha=0.05, hidden_layer_sizes=25,
              learning_rate='adaptive', learning_rate_init=0.05, max_iter=100,
              solver='lbfgs')",xgb,0.6914026809805818,10
diff__rtdl_ResNet__XGBoost,"XGBClassifier(base_score=None, booster=None, callbacks=None,
              colsample_bylevel=None, colsample_bynode=None,
              colsample_bytree=None, device=None, early_stopping_rounds=None,
              enable_categorical=False, eval_metric='merror',
              feature_types=None, gamma=None, grow_policy=None,
              importance_type=None, interaction_constraints=None,
              learning_rate=0.1, max_bin=None, max_cat_threshold=None,
              max_cat_to_onehot=None, max_delta_step=None, max_depth=7,
              max_leaves=None, min_child_weight=None, missing=nan,
              monotone_constraints=None, multi_strategy=None, n_estimators=50,
              n_jobs=None, num_parallel_tree=None, random_state=None, ...)",xgb,0.7272887825965881,10
diff__rtdl_ResNet__XGBoost,"KNeighborsClassifier(leaf_size=40, n_neighbors=6, p=1)",xgb,0.6495747826268459,10
diff__rtdl_ResNet__XGBoost,LogisticRegression(C=0.05),lasso,0.5720099228858783,11
diff__rtdl_ResNet__XGBoost,"MLPClassifier(activation='logistic', alpha=0.05, hidden_layer_sizes=25,
              learning_rate='adaptive', learning_rate_init=0.05, max_iter=100,
              solver='lbfgs')",lasso,0.6143004454439815,11
diff__rtdl_ResNet__XGBoost,"XGBClassifier(base_score=None, booster=None, callbacks=None,
              colsample_bylevel=None, colsample_bynode=None,
              colsample_bytree=None, device=None, early_stopping_rounds=None,
              enable_categorical=False, eval_metric='merror',
              feature_types=None, gamma=None, grow_policy=None,
              importance_type=None, interaction_constraints=None,
              learning_rate=0.1, max_bin=None, max_cat_threshold=None,
              max_cat_to_onehot=None, max_delta_step=None, max_depth=7,
              max_leaves=None, min_child_weight=None, missing=nan,
              monotone_constraints=None, multi_strategy=None, n_estimators=50,
              n_jobs=None, num_parallel_tree=None, random_state=None, ...)",lasso,0.6873178482055664,11
diff__rtdl_ResNet__XGBoost,"KNeighborsClassifier(leaf_size=40, n_neighbors=6, p=1)",lasso,0.6078410604060318,11
diff__rtdl_ResNet__XGBoost,LogisticRegression(C=0.05),treatment_effect,0.3472040615091825,25
diff__rtdl_ResNet__XGBoost,"MLPClassifier(activation='logistic', alpha=0.05, hidden_layer_sizes=25,
              learning_rate='adaptive', learning_rate_init=0.05, max_iter=100,
              solver='lbfgs')",treatment_effect,0.3160380616698627,25
diff__rtdl_ResNet__XGBoost,"XGBClassifier(base_score=None, booster=None, callbacks=None,
              colsample_bylevel=None, colsample_bynode=None,
              colsample_bytree=None, device=None, early_stopping_rounds=None,
              enable_categorical=False, eval_metric='merror',
              feature_types=None, gamma=None, grow_policy=None,
              importance_type=None, interaction_constraints=None,
              learning_rate=0.1, max_bin=None, max_cat_threshold=None,
              max_cat_to_onehot=None, max_delta_step=None, max_depth=7,
              max_leaves=None, min_child_weight=None, missing=nan,
              monotone_constraints=None, multi_strategy=None, n_estimators=50,
              n_jobs=None, num_parallel_tree=None, random_state=None, ...)",treatment_effect,0.5607810616493225,25
diff__rtdl_ResNet__XGBoost,"KNeighborsClassifier(leaf_size=40, n_neighbors=6, p=1)",treatment_effect,0.31648323892540287,25
diff__rtdl_ResNet__XGBoost,LogisticRegression(C=0.05),base,0.12028394784896265,123
diff__rtdl_ResNet__XGBoost,"MLPClassifier(activation='logistic', alpha=0.05, hidden_layer_sizes=25,
              learning_rate='adaptive', learning_rate_init=0.05, max_iter=100,
              solver='lbfgs')",base,0.1457522806094072,123
diff__rtdl_ResNet__XGBoost,"XGBClassifier(base_score=None, booster=None, callbacks=None,
              colsample_bylevel=None, colsample_bynode=None,
              colsample_bytree=None, device=None, early_stopping_rounds=None,
              enable_categorical=False, eval_metric='merror',
              feature_types=None, gamma=None, grow_policy=None,
              importance_type=None, interaction_constraints=None,
              learning_rate=0.1, max_bin=None, max_cat_threshold=None,
              max_cat_to_onehot=None, max_delta_step=None, max_depth=7,
              max_leaves=None, min_child_weight=None, missing=nan,
              monotone_constraints=None, multi_strategy=None, n_estimators=50,
              n_jobs=None, num_parallel_tree=None, random_state=None, ...)",base,0.361545205116272,123
diff__rtdl_ResNet__XGBoost,"KNeighborsClassifier(leaf_size=40, n_neighbors=6, p=1)",base,0.13131280678890278,123
diff__rtdl_ResNet__XGBoost,LogisticRegression(C=0.05),correlation,0.4884770622719289,17
diff__rtdl_ResNet__XGBoost,"MLPClassifier(activation='logistic', alpha=0.05, hidden_layer_sizes=25,
              learning_rate='adaptive', learning_rate_init=0.05, max_iter=100,
              solver='lbfgs')",correlation,0.513699961668322,17
diff__rtdl_ResNet__XGBoost,"XGBClassifier(base_score=None, booster=None, callbacks=None,
              colsample_bylevel=None, colsample_bynode=None,
              colsample_bytree=None, device=None, early_stopping_rounds=None,
              enable_categorical=False, eval_metric='merror',
              feature_types=None, gamma=None, grow_policy=None,
              importance_type=None, interaction_constraints=None,
              learning_rate=0.1, max_bin=None, max_cat_threshold=None,
              max_cat_to_onehot=None, max_delta_step=None, max_depth=7,
              max_leaves=None, min_child_weight=None, missing=nan,
              monotone_constraints=None, multi_strategy=None, n_estimators=50,
              n_jobs=None, num_parallel_tree=None, random_state=None, ...)",correlation,0.6611203551292419,17
diff__rtdl_ResNet__XGBoost,"KNeighborsClassifier(leaf_size=40, n_neighbors=6, p=1)",correlation,0.4822939855156507,17
diff__rtdl_ResNet__XGBoost,LogisticRegression(C=0.05),counterfactual,0.7857933697327978,10
diff__rtdl_ResNet__XGBoost,"MLPClassifier(activation='logistic', alpha=0.05, hidden_layer_sizes=25,
              learning_rate='adaptive', learning_rate_init=0.05, max_iter=100,
              solver='lbfgs')",counterfactual,0.756470151980256,10
diff__rtdl_ResNet__XGBoost,"XGBClassifier(base_score=None, booster=None, callbacks=None,
              colsample_bylevel=None, colsample_bynode=None,
              colsample_bytree=None, device=None, early_stopping_rounds=None,
              enable_categorical=False, eval_metric='merror',
              feature_types=None, gamma=None, grow_policy=None,
              importance_type=None, interaction_constraints=None,
              learning_rate=0.1, max_bin=None, max_cat_threshold=None,
              max_cat_to_onehot=None, max_delta_step=None, max_depth=7,
              max_leaves=None, min_child_weight=None, missing=nan,
              monotone_constraints=None, multi_strategy=None, n_estimators=50,
              n_jobs=None, num_parallel_tree=None, random_state=None, ...)",counterfactual,0.689803957939148,10
diff__rtdl_ResNet__XGBoost,"KNeighborsClassifier(leaf_size=40, n_neighbors=6, p=1)",counterfactual,0.6470042882520889,10
diff__rtdl_ResNet__XGBoost,LogisticRegression(C=0.05),f_value,0.42011301243623517,21
diff__rtdl_ResNet__XGBoost,"MLPClassifier(activation='logistic', alpha=0.05, hidden_layer_sizes=25,
              learning_rate='adaptive', learning_rate_init=0.05, max_iter=100,
              solver='lbfgs')",f_value,0.418171221180307,21
diff__rtdl_ResNet__XGBoost,"XGBClassifier(base_score=None, booster=None, callbacks=None,
              colsample_bylevel=None, colsample_bynode=None,
              colsample_bytree=None, device=None, early_stopping_rounds=None,
              enable_categorical=False, eval_metric='merror',
              feature_types=None, gamma=None, grow_policy=None,
              importance_type=None, interaction_constraints=None,
              learning_rate=0.1, max_bin=None, max_cat_threshold=None,
              max_cat_to_onehot=None, max_delta_step=None, max_depth=7,
              max_leaves=None, min_child_weight=None, missing=nan,
              monotone_constraints=None, multi_strategy=None, n_estimators=50,
              n_jobs=None, num_parallel_tree=None, random_state=None, ...)",f_value,0.5985357165336609,21
diff__rtdl_ResNet__XGBoost,"KNeighborsClassifier(leaf_size=40, n_neighbors=6, p=1)",f_value,0.45112880526882315,21
diff__rtdl_ResNet__XGBoost,LogisticRegression(C=0.05),mutual_info,0.5813851380286625,13
diff__rtdl_ResNet__XGBoost,"MLPClassifier(activation='logistic', alpha=0.05, hidden_layer_sizes=25,
              learning_rate='adaptive', learning_rate_init=0.05, max_iter=100,
              solver='lbfgs')",mutual_info,0.5949258971411097,13
diff__rtdl_ResNet__XGBoost,"XGBClassifier(base_score=None, booster=None, callbacks=None,
              colsample_bylevel=None, colsample_bynode=None,
              colsample_bytree=None, device=None, early_stopping_rounds=None,
              enable_categorical=False, eval_metric='merror',
              feature_types=None, gamma=None, grow_policy=None,
              importance_type=None, interaction_constraints=None,
              learning_rate=0.1, max_bin=None, max_cat_threshold=None,
              max_cat_to_onehot=None, max_delta_step=None, max_depth=7,
              max_leaves=None, min_child_weight=None, missing=nan,
              monotone_constraints=None, multi_strategy=None, n_estimators=50,
              n_jobs=None, num_parallel_tree=None, random_state=None, ...)",mutual_info,0.6141646504402161,13
diff__rtdl_ResNet__XGBoost,"KNeighborsClassifier(leaf_size=40, n_neighbors=6, p=1)",mutual_info,0.5318768349002918,13
diff__rtdl_ResNet__XGBoost,LogisticRegression(C=0.05),xgb,1.0,5
diff__rtdl_ResNet__XGBoost,"MLPClassifier(activation='logistic', alpha=0.05, hidden_layer_sizes=25,
              learning_rate='adaptive', learning_rate_init=0.05, max_iter=100,
              solver='lbfgs')",xgb,1.0,5
diff__rtdl_ResNet__XGBoost,"XGBClassifier(base_score=None, booster=None, callbacks=None,
              colsample_bylevel=None, colsample_bynode=None,
              colsample_bytree=None, device=None, early_stopping_rounds=None,
              enable_categorical=False, eval_metric='merror',
              feature_types=None, gamma=None, grow_policy=None,
              importance_type=None, interaction_constraints=None,
              learning_rate=0.1, max_bin=None, max_cat_threshold=None,
              max_cat_to_onehot=None, max_delta_step=None, max_depth=7,
              max_leaves=None, min_child_weight=None, missing=nan,
              monotone_constraints=None, multi_strategy=None, n_estimators=50,
              n_jobs=None, num_parallel_tree=None, random_state=None, ...)",xgb,1.0,5
diff__rtdl_ResNet__XGBoost,"KNeighborsClassifier(leaf_size=40, n_neighbors=6, p=1)",xgb,1.0,5
diff__rtdl_ResNet__XGBoost,LogisticRegression(C=0.05),lasso,0.665663481431792,9
diff__rtdl_ResNet__XGBoost,"MLPClassifier(activation='logistic', alpha=0.05, hidden_layer_sizes=25,
              learning_rate='adaptive', learning_rate_init=0.05, max_iter=100,
              solver='lbfgs')",lasso,0.7044030546445771,9
diff__rtdl_ResNet__XGBoost,"XGBClassifier(base_score=None, booster=None, callbacks=None,
              colsample_bylevel=None, colsample_bynode=None,
              colsample_bytree=None, device=None, early_stopping_rounds=None,
              enable_categorical=False, eval_metric='merror',
              feature_types=None, gamma=None, grow_policy=None,
              importance_type=None, interaction_constraints=None,
              learning_rate=0.1, max_bin=None, max_cat_threshold=None,
              max_cat_to_onehot=None, max_delta_step=None, max_depth=7,
              max_leaves=None, min_child_weight=None, missing=nan,
              monotone_constraints=None, multi_strategy=None, n_estimators=50,
              n_jobs=None, num_parallel_tree=None, random_state=None, ...)",lasso,0.7645739316940308,9
diff__rtdl_ResNet__XGBoost,"KNeighborsClassifier(leaf_size=40, n_neighbors=6, p=1)",lasso,0.7246829357780805,9
diff__rtdl_ResNet__XGBoost,LogisticRegression(C=0.05),treatment_effect,0.4154053918620746,25
diff__rtdl_ResNet__XGBoost,"MLPClassifier(activation='logistic', alpha=0.05, hidden_layer_sizes=25,
              learning_rate='adaptive', learning_rate_init=0.05, max_iter=100,
              solver='lbfgs')",treatment_effect,0.4201843872138329,25
diff__rtdl_ResNet__XGBoost,"XGBClassifier(base_score=None, booster=None, callbacks=None,
              colsample_bylevel=None, colsample_bynode=None,
              colsample_bytree=None, device=None, early_stopping_rounds=None,
              enable_categorical=False, eval_metric='merror',
              feature_types=None, gamma=None, grow_policy=None,
              importance_type=None, interaction_constraints=None,
              learning_rate=0.1, max_bin=None, max_cat_threshold=None,
              max_cat_to_onehot=None, max_delta_step=None, max_depth=7,
              max_leaves=None, min_child_weight=None, missing=nan,
              monotone_constraints=None, multi_strategy=None, n_estimators=50,
              n_jobs=None, num_parallel_tree=None, random_state=None, ...)",treatment_effect,0.6172178983688354,25
diff__rtdl_ResNet__XGBoost,"KNeighborsClassifier(leaf_size=40, n_neighbors=6, p=1)",treatment_effect,0.3633432128031593,25
diff__rtdl_ResNet__XGBoost,LogisticRegression(C=0.05),base,0.12743546258988087,123
diff__rtdl_ResNet__XGBoost,"MLPClassifier(activation='logistic', alpha=0.05, hidden_layer_sizes=25,
              learning_rate='adaptive', learning_rate_init=0.05, max_iter=100,
              solver='lbfgs')",base,0.13003303204242786,123
diff__rtdl_ResNet__XGBoost,"XGBClassifier(base_score=None, booster=None, callbacks=None,
              colsample_bylevel=None, colsample_bynode=None,
              colsample_bytree=None, device=None, early_stopping_rounds=None,
              enable_categorical=False, eval_metric='merror',
              feature_types=None, gamma=None, grow_policy=None,
              importance_type=None, interaction_constraints=None,
              learning_rate=0.1, max_bin=None, max_cat_threshold=None,
              max_cat_to_onehot=None, max_delta_step=None, max_depth=7,
              max_leaves=None, min_child_weight=None, missing=nan,
              monotone_constraints=None, multi_strategy=None, n_estimators=50,
              n_jobs=None, num_parallel_tree=None, random_state=None, ...)",base,0.38623952865600586,123
diff__rtdl_ResNet__XGBoost,"KNeighborsClassifier(leaf_size=40, n_neighbors=6, p=1)",base,0.16303571844767994,123
diff__rtdl_ResNet__XGBoost,LogisticRegression(C=0.05),rfe,0.1744184321435515,61
diff__rtdl_ResNet__XGBoost,"MLPClassifier(activation='logistic', alpha=0.05, hidden_layer_sizes=25,
              learning_rate='adaptive', learning_rate_init=0.05, max_iter=100,
              solver='lbfgs')",rfe,0.18995558626732018,61
diff__rtdl_ResNet__XGBoost,"XGBClassifier(base_score=None, booster=None, callbacks=None,
              colsample_bylevel=None, colsample_bynode=None,
              colsample_bytree=None, device=None, early_stopping_rounds=None,
              enable_categorical=False, eval_metric='merror',
              feature_types=None, gamma=None, grow_policy=None,
              importance_type=None, interaction_constraints=None,
              learning_rate=0.1, max_bin=None, max_cat_threshold=None,
              max_cat_to_onehot=None, max_delta_step=None, max_depth=7,
              max_leaves=None, min_child_weight=None, missing=nan,
              monotone_constraints=None, multi_strategy=None, n_estimators=50,
              n_jobs=None, num_parallel_tree=None, random_state=None, ...)",rfe,0.3874908983707428,61
diff__rtdl_ResNet__XGBoost,LogisticRegression(C=0.05),rfe,0.17176008109130875,61
diff__rtdl_ResNet__XGBoost,"MLPClassifier(activation='logistic', alpha=0.05, hidden_layer_sizes=25,
              learning_rate='adaptive', learning_rate_init=0.05, max_iter=100,
              solver='lbfgs')",rfe,0.1940716174585597,61
diff__rtdl_ResNet__XGBoost,"XGBClassifier(base_score=None, booster=None, callbacks=None,
              colsample_bylevel=None, colsample_bynode=None,
              colsample_bytree=None, device=None, early_stopping_rounds=None,
              enable_categorical=False, eval_metric='merror',
              feature_types=None, gamma=None, grow_policy=None,
              importance_type=None, interaction_constraints=None,
              learning_rate=0.1, max_bin=None, max_cat_threshold=None,
              max_cat_to_onehot=None, max_delta_step=None, max_depth=7,
              max_leaves=None, min_child_weight=None, missing=nan,
              monotone_constraints=None, multi_strategy=None, n_estimators=50,
              n_jobs=None, num_parallel_tree=None, random_state=None, ...)",rfe,0.28593888878822327,61
diff__rtdl_ResNet__XGBoost,LogisticRegression(C=0.05),rfe,0.14468915680344557,61
diff__rtdl_ResNet__XGBoost,"MLPClassifier(activation='logistic', alpha=0.05, hidden_layer_sizes=25,
              learning_rate='adaptive', learning_rate_init=0.05, max_iter=100,
              solver='lbfgs')",rfe,0.20596967763473928,61
diff__rtdl_ResNet__XGBoost,"XGBClassifier(base_score=None, booster=None, callbacks=None,
              colsample_bylevel=None, colsample_bynode=None,
              colsample_bytree=None, device=None, early_stopping_rounds=None,
              enable_categorical=False, eval_metric='merror',
              feature_types=None, gamma=None, grow_policy=None,
              importance_type=None, interaction_constraints=None,
              learning_rate=0.1, max_bin=None, max_cat_threshold=None,
              max_cat_to_onehot=None, max_delta_step=None, max_depth=7,
              max_leaves=None, min_child_weight=None, missing=nan,
              monotone_constraints=None, multi_strategy=None, n_estimators=50,
              n_jobs=None, num_parallel_tree=None, random_state=None, ...)",rfe,0.3546937108039856,61
